height,width,id,file_name
1316,2744,1,train_673.png
1504,2872,2,train_283.png
1316,2909,3,train_435.png
1504,2872,4,train_95.png
1504,2872,5,train_475.png
1316,2867,6,train_62.png
1536,3076,7,train_637.png
1316,2815,8,train_187.png
1316,2928,9,train_509.png
1504,2872,10,train_31.png
1316,2910,11,train_498.png
1316,2866,12,train_264.png
1316,2788,13,train_581.png
1504,2868,14,train_458.png
1316,2830,15,train_646.png
1504,2872,16,train_12.png
976,1976,17,train_564.png
1316,2741,18,train_559.png
1316,2827,19,train_693.png
1316,2953,20,train_324.png
1316,2852,21,train_136.png
1316,2942,22,train_305.png
1504,2872,23,train_348.png
976,1976,24,train_251.png
1504,2868,25,train_176.png
1316,3004,26,train_621.png
1504,2880,27,train_453.png
1504,2868,28,train_289.png
1316,2881,29,train_229.png
1316,2940,30,train_499.png
1316,2984,31,train_669.png
1316,2829,32,train_290.png
1504,2876,33,train_254.png
1316,2982,34,train_271.png
1316,2886,35,train_702.png
1504,2872,36,train_666.png
1316,2750,37,train_440.png
1316,2916,38,train_61.png
976,1976,39,train_41.png
1504,2872,40,train_383.png
1316,2900,41,train_536.png
1536,3076,42,train_700.png
976,1976,43,train_209.png
1316,2905,44,train_682.png
1316,2920,45,train_7.png
1504,2868,46,train_654.png
1316,2904,47,train_54.png
1316,2904,48,train_233.png
1316,2842,49,train_568.png
1316,2843,50,train_493.png
1316,2714,51,train_311.png
1316,2786,52,train_655.png
1504,2868,53,train_225.png
1316,2854,54,train_482.png
1316,2677,55,train_487.png
1316,2682,56,train_3.png
1316,2850,57,train_0.png
976,1976,58,train_663.png
1504,2872,59,train_698.png
1316,2666,60,train_292.png
1316,2881,61,train_19.png
1316,2882,62,train_617.png
1504,2884,63,train_592.png
1316,2729,64,train_541.png
1316,2716,65,train_113.png
1316,2916,66,train_217.png
1316,2952,67,train_634.png
1316,2960,68,train_404.png
1316,2817,69,train_117.png
1504,2872,70,train_495.png
1316,2795,71,train_447.png
1316,2899,72,train_630.png
1316,2890,73,train_474.png
1504,2884,74,train_679.png
1316,2880,75,train_294.png
1504,2884,76,train_441.png
1316,2837,77,train_405.png
1504,2872,78,train_694.png
1503,2892,79,train_92.png
1316,2838,80,train_431.png
1316,2982,81,train_518.png
976,1976,82,train_606.png
1316,2846,83,train_110.png
1316,2882,84,train_153.png
1504,2884,85,train_137.png
1316,2933,86,train_326.png
1316,2883,87,train_687.png
1504,2872,88,train_545.png
1316,2832,89,train_544.png
1504,2444,90,train_480.png
1316,2745,91,train_231.png
1316,2817,92,train_108.png
1316,2944,93,train_521.png
1504,2872,94,train_309.png
1316,2750,95,train_5.png
1316,2825,96,train_424.png
1504,2872,97,train_141.png
1316,2839,98,train_87.png
976,1976,99,train_608.png
1316,2959,100,train_538.png
1504,2872,101,train_125.png
1316,2714,102,train_223.png
1350,3045,103,train_656.png
1504,2872,104,train_328.png
1504,2884,105,train_534.png
1504,2872,106,train_188.png
1504,2872,107,train_686.png
1316,2867,108,train_513.png
1316,2940,109,train_683.png
976,1976,110,train_112.png
1504,2872,111,train_393.png
1316,2804,112,train_355.png
1316,2888,113,train_457.png
1316,2738,114,train_58.png
1316,2888,115,train_385.png
1504,2872,116,train_86.png
1504,2872,117,train_452.png
1316,2967,118,train_66.png
1504,2872,119,train_300.png
1316,2924,120,train_500.png
1504,2872,121,train_531.png
1316,2765,122,train_246.png
1316,2878,123,train_35.png
1316,2808,124,train_315.png
1316,2799,125,train_456.png
1316,2983,126,train_466.png
1504,2868,127,train_263.png
1316,2960,128,train_240.png
1316,2947,129,train_166.png
1316,2918,130,train_603.png
1316,2867,131,train_604.png
1316,2972,132,train_199.png
1504,2872,133,train_285.png
1316,2805,134,train_319.png
1316,2869,135,train_210.png
1316,2846,136,train_400.png
1316,2849,137,train_502.png
1316,2938,138,train_573.png
1316,2900,139,train_588.png
1316,2872,140,train_204.png
1316,2860,141,train_250.png
976,1976,142,train_266.png
1316,2842,143,train_127.png
1316,2789,144,train_451.png
1504,2872,145,train_313.png
1504,2880,146,train_704.png
1536,3076,147,train_428.png
1504,2868,148,train_273.png
1316,2916,149,train_101.png
1316,2892,150,train_169.png
1504,2872,151,train_303.png
1504,2872,152,train_511.png
1316,2952,153,train_162.png
1316,2954,154,train_255.png
1316,2802,155,train_485.png
1504,2872,156,train_436.png
1316,2908,157,train_645.png
1316,2689,158,train_438.png
1316,2860,159,train_388.png
1316,2920,160,train_220.png
1536,3076,161,train_591.png
1316,2930,162,train_505.png
1316,2788,163,train_291.png
1316,2896,164,train_510.png
1316,2810,165,train_29.png
1316,2953,166,train_44.png
1504,2496,167,train_434.png
1316,2942,168,train_274.png
1316,2802,169,train_372.png
1316,2982,170,train_417.png
1316,2964,171,train_415.png
1504,2872,172,train_331.png
1316,2842,173,train_247.png
1504,2872,174,train_243.png
1316,2983,175,train_332.png
1504,2872,176,train_276.png
976,1976,177,train_551.png
1504,2872,178,train_170.png
1504,2872,179,train_407.png
1504,2872,180,train_529.png
1316,2794,181,train_84.png
1504,2540,182,train_467.png
1316,2759,183,train_664.png
1504,2644,184,train_102.png
1316,2966,185,train_615.png
1536,3076,186,train_330.png
1350,3139,187,train_496.png
976,1976,188,train_79.png
1316,2856,189,train_437.png
1504,2872,190,train_462.png
1316,2868,191,train_216.png
1504,2872,192,train_497.png
1536,3076,193,train_16.png
1316,2952,194,train_103.png
1504,2868,195,train_155.png
1316,2799,196,train_356.png
1504,2872,197,train_362.png
1316,2837,198,train_10.png
1316,2909,199,train_570.png
976,1976,200,train_327.png
1316,2862,201,train_506.png
1504,2884,202,train_391.png
1504,2884,203,train_22.png
1316,2814,204,train_177.png
1316,2815,205,train_30.png
1316,2912,206,train_611.png
1504,2872,207,train_524.png
1316,2816,208,train_325.png
1316,2812,209,train_596.png
1316,2821,210,train_130.png
1316,2823,211,train_402.png
976,1976,212,train_277.png
1504,2872,213,train_392.png
1316,2952,214,train_430.png
1504,2412,215,train_471.png
1504,2872,216,train_450.png
1316,2982,217,train_578.png
1316,2920,218,train_347.png
1316,2932,219,train_143.png
1316,2728,220,train_80.png
1316,2814,221,train_618.png
1504,2872,222,train_129.png
1504,2872,223,train_446.png
1316,2814,224,train_549.png
1504,2872,225,train_464.png
1316,2754,226,train_676.png
1316,2846,227,train_218.png
1316,2851,228,train_213.png
1316,2656,229,train_658.png
1316,2723,230,train_540.png
1316,2886,231,train_546.png
1504,2872,232,train_9.png
976,1976,233,train_135.png
1316,2844,234,train_681.png
1316,2923,235,train_261.png
1504,2872,236,train_152.png
1504,2884,237,train_548.png
1504,2604,238,train_561.png
1316,2965,239,train_696.png
1504,2872,240,train_455.png
1504,2868,241,train_519.png
1316,2862,242,train_358.png
1504,2872,243,train_623.png
976,1976,244,train_49.png
1316,2772,245,train_343.png
1316,2820,246,train_159.png
1316,2822,247,train_25.png
1316,2954,248,train_287.png
1504,2872,249,train_365.png
1316,2860,250,train_515.png
1504,2872,251,train_460.png
1316,2981,252,train_454.png
1504,2868,253,train_107.png
1316,2785,254,train_85.png
1504,2888,255,train_477.png
1316,2839,256,train_583.png
1504,2872,257,train_602.png
1316,2820,258,train_4.png
1316,2971,259,train_154.png
1316,2948,260,train_336.png
1504,2872,261,train_195.png
1316,2848,262,train_322.png
1504,2872,263,train_593.png
1316,2981,264,train_228.png
1504,2872,265,train_412.png
1504,2872,266,train_26.png
1316,2850,267,train_674.png
1316,2809,268,train_609.png
1504,2868,269,train_160.png
1316,2953,270,train_514.png
1316,2991,271,train_416.png
1504,2880,272,train_191.png
1316,2929,273,train_665.png
1316,2939,274,train_527.png
1504,2872,275,train_38.png
1504,2872,276,train_88.png
1504,2872,277,train_11.png
1504,2872,278,train_373.png
1504,2872,279,train_542.png
1504,2872,280,train_181.png
1316,2892,281,train_156.png
1504,2872,282,train_57.png
1316,2828,283,train_555.png
1316,2692,284,train_308.png
1316,2882,285,train_171.png
1316,2944,286,train_421.png
1504,2872,287,train_37.png
1316,2942,288,train_98.png
1504,2888,289,train_353.png
1316,2828,290,train_14.png
1316,2851,291,train_128.png
1316,2875,292,train_252.png
1316,2972,293,train_211.png
1316,2948,294,train_286.png
1316,2953,295,train_93.png
1316,2822,296,train_703.png
1316,2748,297,train_610.png
1316,2952,298,train_304.png
1504,2872,299,train_585.png
1504,2868,300,train_584.png
1316,2885,301,train_172.png
1316,2882,302,train_124.png
1504,2872,303,train_145.png
1316,2948,304,train_528.png
1316,2758,305,train_576.png
1316,2844,306,train_280.png
1504,2872,307,train_312.png
1316,2936,308,train_200.png
1504,2872,309,train_265.png
1316,2884,310,train_394.png
1316,2989,311,train_468.png
1316,2796,312,train_423.png
1504,2872,313,train_56.png
1504,2872,314,train_158.png
976,1976,315,train_234.png
1504,2872,316,train_299.png
1316,2897,317,train_115.png
976,1976,318,train_214.png
1316,2710,319,train_648.png
1316,2881,320,train_376.png
1316,2945,321,train_620.png
1504,2872,322,train_241.png
1316,2718,323,train_134.png
1504,2880,324,train_636.png
1316,2836,325,train_281.png
1316,2977,326,train_183.png
1316,2830,327,train_366.png
1316,2724,328,train_123.png
1316,2906,329,train_413.png
1504,2688,330,train_118.png
1316,3001,331,train_40.png
1316,2839,332,train_367.png
1504,2500,333,train_586.png
1316,2952,334,train_386.png
1316,2712,335,train_104.png
1316,2892,336,train_662.png
1316,2951,337,train_51.png
1316,2861,338,train_565.png
1504,2688,339,train_219.png
1504,2884,340,train_133.png
1316,2799,341,train_363.png
1504,2872,342,train_685.png
976,1976,343,train_483.png
976,1976,344,train_260.png
1316,2937,345,train_340.png
1316,2900,346,train_643.png
1316,2964,347,train_408.png
1316,2771,348,train_670.png
1316,2822,349,train_27.png
1316,2768,350,train_699.png
1316,2800,351,train_65.png
1316,2977,352,train_622.png
1504,2868,353,train_374.png
1504,2872,354,train_297.png
1316,2775,355,train_571.png
1504,2512,356,train_301.png
976,1976,357,train_476.png
1316,2843,358,train_105.png
1316,2967,359,train_557.png
1316,2872,360,train_248.png
1316,2966,361,train_253.png
1316,2856,362,train_293.png
1316,2971,363,train_484.png
1316,2922,364,train_649.png
1316,2864,365,train_688.png
1316,2769,366,train_612.png
1504,2872,367,train_695.png
1316,2793,368,train_257.png
1504,2868,369,train_562.png
1316,2903,370,train_631.png
976,1976,371,train_624.png
1350,3020,372,train_677.png
1316,2857,373,train_470.png
1504,2872,374,train_314.png
1316,2918,375,train_635.png
1316,2980,376,train_600.png
1316,2802,377,train_150.png
1316,2674,378,train_161.png
1316,2890,379,train_174.png
1316,2984,380,train_151.png
1316,2806,381,train_692.png
1316,2798,382,train_680.png
1316,2828,383,train_530.png
1316,2822,384,train_632.png
1504,2868,385,train_409.png
1504,2872,386,train_121.png
1316,2896,387,train_64.png
1316,2926,388,train_507.png
1536,3076,389,train_196.png
1316,2751,390,train_689.png
1316,2966,391,train_369.png
1504,2548,392,train_244.png
1316,2982,393,train_173.png
1504,2872,394,train_94.png
1316,2741,395,train_488.png
1316,2758,396,train_401.png
1316,2986,397,train_232.png
1316,2833,398,train_629.png
1504,2868,399,train_605.png
1316,2921,400,train_489.png
1504,2872,401,train_334.png
1316,3001,402,train_116.png
1316,2852,403,train_639.png
1316,2977,404,train_582.png
1316,2816,405,train_259.png
1504,2868,406,train_205.png
1316,2983,407,train_442.png
1316,2820,408,train_122.png
1316,2830,409,train_478.png
1316,2862,410,train_59.png
1504,2872,411,train_83.png
1316,2757,412,train_349.png
1316,2811,413,train_626.png
1504,2576,414,train_74.png
1316,2856,415,train_566.png
1316,2939,416,train_660.png
1316,2902,417,train_526.png
1504,2872,418,train_614.png
1316,2954,419,train_590.png
1504,2872,420,train_67.png
1504,2872,421,train_321.png
1316,2959,422,train_346.png
1316,2979,423,train_469.png
1316,2885,424,train_320.png
1504,2872,425,train_396.png
1316,2832,426,train_20.png
1316,2723,427,train_597.png
1316,2954,428,train_535.png
1316,2938,429,train_215.png
1504,2872,430,train_148.png
1504,2512,431,train_403.png
1316,2820,432,train_382.png
1504,2872,433,train_50.png
1316,2936,434,train_245.png
1504,2872,435,train_337.png
1316,2856,436,train_406.png
1316,2980,437,train_24.png
976,1976,438,train_552.png
1316,2731,439,train_387.png
1316,2917,440,train_206.png
1316,2900,441,train_73.png
1316,2750,442,train_1.png
1504,2872,443,train_100.png
1316,2990,444,train_106.png
1504,2872,445,train_594.png
1316,2872,446,train_459.png
1316,2973,447,train_377.png
1316,2798,448,train_164.png
1316,2993,449,train_142.png
1504,2872,450,train_2.png
1504,2872,451,train_439.png
1316,2972,452,train_638.png
1316,2954,453,train_306.png
1316,2835,454,train_6.png
976,1976,455,train_146.png
1504,2884,456,train_237.png
1504,2872,457,train_652.png
1316,2833,458,train_461.png
1316,2969,459,train_473.png
1316,2950,460,train_381.png
1316,2799,461,train_361.png
1504,2872,462,train_651.png
1316,2827,463,train_691.png
1504,2872,464,train_351.png
1504,2872,465,train_76.png
1316,2698,466,train_236.png
1316,2963,467,train_69.png
1504,2868,468,train_532.png
1504,2884,469,train_226.png
1316,2820,470,train_379.png
1316,2921,471,train_486.png
1316,2819,472,train_132.png
1316,2955,473,train_239.png
1504,2872,474,train_375.png
1316,2863,475,train_190.png
1504,2428,476,train_697.png
1504,2872,477,train_77.png
1504,2868,478,train_168.png
1316,2844,479,train_425.png
1316,2855,480,train_414.png
1316,2858,481,train_267.png
1316,2765,482,train_448.png
1504,2872,483,train_8.png
1504,2868,484,train_144.png
1504,2868,485,train_208.png
1504,2868,486,train_96.png
1504,2868,487,train_503.png
1316,2796,488,train_282.png
1316,2840,489,train_99.png
1316,2885,490,train_48.png
1316,2812,491,train_352.png
1504,2872,492,train_411.png
1504,2872,493,train_512.png
1316,2931,494,train_89.png
1316,2914,495,train_398.png
1316,2838,496,train_410.png
1316,2950,497,train_579.png
1316,2805,498,train_119.png
1504,2872,499,train_109.png
1503,2892,500,train_543.png
1504,2868,501,train_492.png
1536,3076,502,train_364.png
1504,2872,503,train_517.png
1504,2872,504,train_310.png
1504,2868,505,train_147.png
1316,2860,506,train_81.png
1316,2742,507,train_28.png
1316,2985,508,train_91.png
1504,2868,509,train_272.png
1316,2940,510,train_296.png
1316,2791,511,train_78.png
1504,2872,512,train_650.png
1316,2842,513,train_341.png
1316,3004,514,train_472.png
1316,2969,515,train_198.png
1316,2882,516,train_212.png
1316,2789,517,train_560.png
1316,2916,518,train_295.png
1316,2826,519,train_203.png
1504,2884,520,train_420.png
1316,2927,521,train_572.png
1504,2872,522,train_157.png
1316,2774,523,train_445.png
1316,2903,524,train_672.png
1316,2845,525,train_628.png
1504,2556,526,train_575.png
1316,2933,527,train_554.png
1316,2756,528,train_625.png
1504,2612,529,train_494.png
1316,2977,530,train_202.png
1316,2942,531,train_523.png
1316,2920,532,train_640.png
1316,2841,533,train_595.png
1316,2750,534,train_690.png
1316,2932,535,train_659.png
1504,2480,536,train_481.png
1316,2858,537,train_126.png
1504,2868,538,train_432.png
1316,2833,539,train_262.png
1316,2812,540,train_149.png
1504,2880,541,train_443.png
1316,2964,542,train_533.png
1316,2842,543,train_433.png
1316,2824,544,train_501.png
1316,2886,545,train_371.png
1504,2868,546,train_270.png
1504,2872,547,train_18.png
1504,2612,548,train_39.png
1316,2856,549,train_504.png
1316,2732,550,train_577.png
1316,2922,551,train_339.png
1316,2899,552,train_644.png
1504,2872,553,train_184.png
1316,2989,554,train_167.png
1503,2892,555,train_72.png
1504,2872,556,train_192.png
1316,2796,557,train_207.png
1316,2892,558,train_516.png
1316,2984,559,train_598.png
1316,2986,560,train_359.png
1316,2768,561,train_539.png
1504,2872,562,train_17.png
1316,2830,563,train_619.png
1504,2872,564,train_678.png
1316,2657,565,train_268.png
1316,3003,566,train_182.png
1316,2828,567,train_302.png
1504,2872,568,train_426.png
1504,2872,569,train_661.png
1316,2862,570,train_70.png
1316,2846,571,train_345.png
1316,2819,572,train_47.png
1316,2904,573,train_15.png
1316,2885,574,train_279.png
1504,2868,575,train_201.png
1504,2612,576,train_269.png
1316,3003,577,train_131.png
1504,2868,578,train_43.png
1316,2951,579,train_230.png
1316,2873,580,train_653.png
1504,2580,581,train_189.png
1504,2872,582,train_75.png
1316,2804,583,train_580.png
1316,2694,584,train_684.png
1316,2802,585,train_32.png
1316,2783,586,train_316.png
1316,2933,587,train_175.png
1504,2872,588,train_550.png
1316,2906,589,train_701.png
976,1976,590,train_21.png
1316,2814,591,train_165.png
1316,2766,592,train_333.png
1316,2964,593,train_419.png
1504,2880,594,train_537.png
1316,3001,595,train_63.png
1504,2872,596,train_574.png
1504,2872,597,train_55.png
1316,2893,598,train_307.png
1316,2922,599,train_278.png
1316,2840,600,train_418.png
1504,2884,601,train_380.png
1316,2973,602,train_633.png
1316,2936,603,train_491.png
1350,3045,604,train_354.png
1316,2942,605,train_520.png
1316,2917,606,train_163.png
1316,2844,607,train_242.png
1504,2544,608,train_36.png
1316,2891,609,train_186.png
1316,3002,610,train_397.png
1504,2872,611,train_508.png
1316,2925,612,train_522.png
1504,2872,613,train_384.png
1504,2868,614,train_569.png
1504,2872,615,train_553.png
1504,2872,616,train_140.png
1504,2872,617,train_449.png
1316,2780,618,train_547.png
1504,2872,619,train_284.png
1504,2872,620,train_222.png
1503,2892,621,train_671.png
1316,2969,622,train_60.png
1316,2870,623,train_114.png
1316,2808,624,train_318.png
1504,2872,625,train_395.png
1504,2492,626,train_357.png
1316,2914,627,train_567.png
1504,2868,628,train_399.png
1504,2868,629,train_390.png
1316,2744,630,train_490.png
1316,2879,631,train_642.png
1316,2714,632,train_587.png
1504,2884,633,train_53.png
1316,2927,634,train_427.png
1316,2989,635,train_641.png
1316,2923,636,train_667.png
1316,2831,637,train_139.png
1504,2884,638,train_256.png
1316,2828,639,train_42.png
1316,2965,640,train_221.png
1504,2872,641,train_23.png
1316,2907,642,train_563.png
1504,2892,643,train_97.png
1316,2795,644,train_601.png
1504,2872,645,train_197.png
1504,2872,646,train_275.png
1316,2836,647,train_422.png
1316,2805,648,train_378.png
1504,2872,649,train_258.png
1504,2476,650,train_616.png
1316,2935,651,train_647.png
1504,2868,652,train_178.png
1316,2850,653,train_350.png
1504,2868,654,train_249.png
1316,2772,655,train_235.png
1504,2616,656,train_180.png
1316,2802,657,train_317.png
1316,2935,658,train_13.png
1316,2824,659,train_463.png
1316,2964,660,train_68.png
1504,2872,661,train_82.png
1504,2872,662,train_360.png
1316,2954,663,train_589.png
1316,2967,664,train_368.png
976,1976,665,train_288.png
1316,2965,666,train_71.png
1316,2864,667,train_46.png
1504,2872,668,train_34.png
1504,2628,669,train_298.png
1316,2942,670,train_342.png
1316,2854,671,train_429.png
1504,2868,672,train_90.png
1316,2838,673,train_45.png
1504,2868,674,train_323.png
1316,2750,675,train_444.png
1316,2657,676,train_525.png
1316,2894,677,train_185.png
1316,2928,678,train_465.png
1316,2659,679,train_335.png
1316,2670,680,train_627.png
1316,2922,681,train_227.png
1316,2836,682,train_52.png
1316,2727,683,train_556.png
1316,2838,684,train_179.png
1316,2869,685,train_329.png
1504,2868,686,train_558.png
1504,2872,687,train_479.png
1316,2870,688,train_607.png
1316,2753,689,train_138.png
1316,2871,690,train_668.png
1316,2800,691,train_194.png
1316,2806,692,train_111.png
1316,3003,693,train_33.png
1316,2873,694,train_389.png
1316,2875,695,train_120.png
1316,2886,696,train_238.png
1316,2978,697,train_224.png
1504,2872,698,train_675.png
1504,2872,699,train_193.png
1316,2802,700,train_613.png
1316,2910,701,train_338.png
1316,2851,702,train_657.png
1316,2850,703,train_344.png
1504,2872,704,train_599.png
1316,2948,705,train_370.png
